{
  "run": [
    {
      "num": 0,
      "bs": 64,
      "epochs": 1,
      "lr": 0.0001,
      "dropout": 0,
      "costs": {
        "train": [
          0.3355400941533849
        ],
        "valid": [
          0.35223677955599275
        ]
      },
      "accuracy": {
        "train": [
          0.4361271676300578
        ],
        "valid": [
          0.4092827004219409
        ]
      },
      "model_path": "models/model_0.pth"
    }
  ]
}