{
  "run": [
    {
      "num": 0,
      "bs": 16,
      "total_epochs": 60,
      "current_epoch": 25,
      "lr": 0.0001,
      "dropout": 0,
      "costs": {
        "train": [
          0.3366101423569153,
          0.3260963719359712,
          0.3248917126199069,
          0.32940634964518467,
          0.32462848407469386,
          0.32448326807921335,
          0.332175398538309,
          0.32660177945014024,
          0.32058035751987746,
          0.3205154715267392,
          0.31938999734948137,
          0.318841023118682,
          0.31762376992258035,
          0.31921475146590284,
          0.3185306376050835,
          0.3191417418441848,
          0.3190658178094322,
          0.31859272326089744,
          0.3187713986747182,
          0.3195552934930159,
          0.31870867194597086,
          0.3193431698582593,
          0.31923161154839,
          0.31823590817306774,
          0.3180836377891502
        ],
        "valid": [
          0.33259293537602647,
          0.3347251864173744,
          0.33554552803562665,
          0.32597836550278,
          0.3348161022371381,
          0.32292583144666775,
          0.3340525319053151,
          0.3307382625366565,
          0.33091630858962545,
          0.33134681099577795,
          0.33125565267061885,
          0.3311447215105411,
          0.33112895796822095,
          0.33112483053519254,
          0.33112410842617856,
          0.33112455162569443,
          0.33112348804745495,
          0.3311227495283014,
          0.33112303969226303,
          0.33111905863013447,
          0.33111869138252886,
          0.33111860090670203,
          0.3311161700054563,
          0.3311147507484452,
          0.3311142502706262
        ]
      },
      "accuracy": {
        "train": [
          0.5910404624277457,
          0.599421965317919,
          0.5716763005780346,
          0.5627167630057803,
          0.5997109826589595,
          0.6014450867052024,
          0.584971098265896,
          0.5855491329479768,
          0.6109826589595375,
          0.6072254335260115,
          0.6049132947976879,
          0.6124277456647399,
          0.6205202312138728,
          0.607514450867052,
          0.6196531791907515,
          0.6115606936416185,
          0.611271676300578,
          0.6127167630057804,
          0.6144508670520231,
          0.6037572254335261,
          0.619364161849711,
          0.6101156069364162,
          0.6054913294797688,
          0.6144508670520231,
          0.6086705202312138
        ],
        "valid": [
          0.5991561181434599,
          0.5822784810126582,
          0.5654008438818565,
          0.6455696202531646,
          0.6286919831223629,
          0.6413502109704642,
          0.5907172995780591,
          0.5907172995780591,
          0.6075949367088608,
          0.6118143459915611,
          0.6075949367088608,
          0.6118143459915611,
          0.6118143459915611,
          0.6118143459915611,
          0.6118143459915611,
          0.6118143459915611,
          0.6118143459915611,
          0.6118143459915611,
          0.6118143459915611,
          0.6118143459915611,
          0.6118143459915611,
          0.6118143459915611,
          0.6118143459915611,
          0.6118143459915611,
          0.6118143459915611
        ]
      },
      "latest_model_path": "models/latest_model_0.pth",
      "best_model_path": ""
    },
    {
      "num": 1,
      "bs": 1,
      "total_epochs": 60,
      "current_epoch": 1,
      "lr": 0.0001,
      "dropout": 0,
      "costs": {
        "train": [
          0.32140118163294357
        ],
        "valid": [
          0.32273940622555053
        ]
      },
      "accuracy": {
        "train": [
          0.5872832369942197
        ],
        "valid": [
          0.5991561181434599
        ]
      },
      "latest_model_path": "models/latest_model_1.pth",
      "best_model_path": "models/best_model_1.pth"
    },
    {
      "num": 2,
      "bs": 1,
      "total_epochs": 60,
      "current_epoch": 0,
      "lr": 0.0001,
      "dropout": 0,
      "costs": {
        "train": [],
        "valid": []
      },
      "accuracy": {
        "train": [],
        "valid": []
      },
      "latest_model_path": "",
      "best_model_path": ""
    }
  ]
}