{
  "run": [
    {
      "num": 0,
      "bs": 16,
      "total_epochs": 60,
      "current_epoch": 25,
      "lr": 0.0001,
      "dropout": 0,
      "costs": {
        "train": [
          0.3366101423569153,
          0.3260963719359712,
          0.3248917126199069,
          0.32940634964518467,
          0.32462848407469386,
          0.32448326807921335,
          0.332175398538309,
          0.32660177945014024,
          0.32058035751987746,
          0.3205154715267392,
          0.31938999734948137,
          0.318841023118682,
          0.31762376992258035,
          0.31921475146590284,
          0.3185306376050835,
          0.3191417418441848,
          0.3190658178094322,
          0.31859272326089744,
          0.3187713986747182,
          0.3195552934930159,
          0.31870867194597086,
          0.3193431698582593,
          0.31923161154839,
          0.31823590817306774,
          0.3180836377891502
        ],
        "valid": [
          0.33259293537602647,
          0.3347251864173744,
          0.33554552803562665,
          0.32597836550278,
          0.3348161022371381,
          0.32292583144666775,
          0.3340525319053151,
          0.3307382625366565,
          0.33091630858962545,
          0.33134681099577795,
          0.33125565267061885,
          0.3311447215105411,
          0.33112895796822095,
          0.33112483053519254,
          0.33112410842617856,
          0.33112455162569443,
          0.33112348804745495,
          0.3311227495283014,
          0.33112303969226303,
          0.33111905863013447,
          0.33111869138252886,
          0.33111860090670203,
          0.3311161700054563,
          0.3311147507484452,
          0.3311142502706262
        ]
      },
      "accuracy": {
        "train": [
          0.5910404624277457,
          0.599421965317919,
          0.5716763005780346,
          0.5627167630057803,
          0.5997109826589595,
          0.6014450867052024,
          0.584971098265896,
          0.5855491329479768,
          0.6109826589595375,
          0.6072254335260115,
          0.6049132947976879,
          0.6124277456647399,
          0.6205202312138728,
          0.607514450867052,
          0.6196531791907515,
          0.6115606936416185,
          0.611271676300578,
          0.6127167630057804,
          0.6144508670520231,
          0.6037572254335261,
          0.619364161849711,
          0.6101156069364162,
          0.6054913294797688,
          0.6144508670520231,
          0.6086705202312138
        ],
        "valid": [
          0.5991561181434599,
          0.5822784810126582,
          0.5654008438818565,
          0.6455696202531646,
          0.6286919831223629,
          0.6413502109704642,
          0.5907172995780591,
          0.5907172995780591,
          0.6075949367088608,
          0.6118143459915611,
          0.6075949367088608,
          0.6118143459915611,
          0.6118143459915611,
          0.6118143459915611,
          0.6118143459915611,
          0.6118143459915611,
          0.6118143459915611,
          0.6118143459915611,
          0.6118143459915611,
          0.6118143459915611,
          0.6118143459915611,
          0.6118143459915611,
          0.6118143459915611,
          0.6118143459915611,
          0.6118143459915611
        ]
      },
      "latest_model_path": "models/latest_model_0.pth",
      "best_model_path": ""
    },
    {
      "num": 1,
      "bs": 1,
      "total_epochs": 60,
      "current_epoch": 27,
      "lr": 1e-07,
      "dropout": 0,
      "costs": {
        "train": [
          0.32140118163294357,
          0.31218093757899856,
          0.300932093982644,
          0.2884809685332668,
          0.2722298961393858,
          0.25051825540597855,
          0.23827983127513933,
          0.23291345095057364,
          0.2265199379758597,
          0.22144868369591073,
          0.2201559314708834,
          0.19455055680228237,
          0.18742224647464348,
          0.18349872101717385,
          0.18147437905548194,
          0.18041698354972,
          0.17696045765995097,
          0.17339877015480373,
          0.1715698205904949,
          0.16915742932816138,
          0.16791055147466116,
          0.16135556032690032,
          0.1630262277408024,
          0.16101962794668198,
          0.15841787244177105,
          0.15097102782032265,
          0.15000783293911746
        ],
        "valid": [
          0.32273940622555053,
          0.31310131646032574,
          0.31039794353681777,
          0.29670744783830544,
          0.258941342952005,
          0.2575899288687022,
          0.2456598449498415,
          0.30021529596786206,
          0.23268366400702592,
          0.24011539197074966,
          0.2375640791333929,
          0.21413877871249043,
          0.2130459421314299,
          0.21025901747560954,
          0.21147411977597178,
          0.2087261845624931,
          0.20501047307979078,
          0.20552685428489362,
          0.20262891339837624,
          0.20863250034904493,
          0.2010160767500788,
          0.20749901559691136,
          0.19499686129493363,
          0.19916818713777176,
          0.20535113613950365,
          0.20250713149918723,
          0.2012179404013802
        ]
      },
      "accuracy": {
        "train": [
          0.5872832369942197,
          0.6280346820809248,
          0.6575144508670521,
          0.6858381502890173,
          0.7135838150289018,
          0.7479768786127168,
          0.7679190751445086,
          0.7719653179190752,
          0.7875722543352601,
          0.7927745664739885,
          0.7942196531791907,
          0.8213872832369942,
          0.8393063583815029,
          0.8375722543352602,
          0.8404624277456647,
          0.8442196531791908,
          0.8439306358381503,
          0.8543352601156069,
          0.8531791907514451,
          0.8578034682080925,
          0.8572254335260115,
          0.8638728323699422,
          0.861271676300578,
          0.8673410404624278,
          0.8670520231213873,
          0.8754335260115607,
          0.8780346820809248
        ],
        "valid": [
          0.5991561181434599,
          0.620253164556962,
          0.6286919831223629,
          0.6582278481012658,
          0.7341772151898734,
          0.7088607594936709,
          0.7637130801687764,
          0.7130801687763713,
          0.7805907172995781,
          0.7848101265822784,
          0.7805907172995781,
          0.8270042194092827,
          0.8143459915611815,
          0.8185654008438819,
          0.8227848101265823,
          0.8185654008438819,
          0.8270042194092827,
          0.8270042194092827,
          0.810126582278481,
          0.8227848101265823,
          0.8185654008438819,
          0.8312236286919831,
          0.8227848101265823,
          0.8227848101265823,
          0.8227848101265823,
          0.8312236286919831,
          0.8312236286919831
        ]
      },
      "latest_model_path": "models/latest_model_1.pth",
      "best_model_path": "models/best_model_1.pth"
    },
    {
      "num": 2,
      "bs": 4,
      "total_epochs": 60,
      "current_epoch": 35,
      "lr": 1.0000000000000004e-08,
      "dropout": 0,